Key,Average
A,47.818182
C,44.100000
B,51.280000
E,52.489362
D,45.289474
G,56.210526
F,40.575000
I,47.818182
H,49.575000
K,45.595745
J,48.138889
M,56.914286
L,45.875000
O,51.078431
N,39.060606
Q,49.838710
P,47.475000
S,41.470588
R,54.320755
U,51.885714
T,50.282051
W,55.800000
V,48.189189
Y,55.000000
X,49.675676
Z,49.977778
